phone_name,related1,related2,related3,related4,related5,related6,related7,related8,related9,related10
Oppo Reno 11 Pro,Oppo A60,Oppo Reno 10,Samsung Galaxy A05s,Samsung Galaxy S24+,Samsung Galaxy M34,Oppo Find X7,Oppo A38,Xiaomi 13T,Oppo Reno 10 Pro+,Asus ROG Phone 8 Pro
Oppo Reno 11,Samsung Galaxy A05s,Samsung Galaxy S24+,Samsung Galaxy M34,Oppo A60,Oppo Reno 11,Oppo Find X7,Oppo Reno 10 Pro+,Xiaomi 13T,Asus ROG Phone 8 Pro,Realme 11 Pro+ 5G
Oppo Reno 11F,Asus ROG Phone 8 Pro,Oppo Find X7,Realme 11 Pro+ 5G,Oppo Reno 10,Poco C65,Samsung Galaxy A05s,Samsung Galaxy S24+,Samsung Galaxy M34,Oppo A60,Oppo Reno 11
Oppo Reno 10,Oppo Reno 10,Samsung Galaxy A05s,Samsung Galaxy S24+,Samsung Galaxy M34,Oppo A60,Oppo Reno 11,Oppo Reno 10 Pro+,Asus ROG Phone 8 Pro,Xiaomi 13T,Realme 11 Pro+ 5G
Oppo Reno 10 Pro,Oppo Reno 11,Oppo Reno 10,Samsung Galaxy A05s,Samsung Galaxy S24+,Samsung Galaxy M34,Oppo Find X7,Oppo A38,Xiaomi 13T,Oppo Reno 10 Pro+,Asus ROG Phone 8 Pro
Oppo Reno 10 Pro+,Oppo A38,Xiaomi 13T,Oppo A60,Oppo Reno 11,Asus Zenfone 11 Ultra,Oppo Reno 10,Samsung Galaxy A05s,Samsung Galaxy S24+,Samsung Galaxy M34,Oppo Find X7
Oppo Find X7 Ultra,Oppo A79,Oppo A60,Oppo Reno 11,Xiaomi 13T,Oppo Reno 10,Samsung Galaxy S24+,Samsung Galaxy A05s,Samsung Galaxy M34,Oppo Find X7,Asus Zenfone 11 Ultra
Oppo Find X7,Redmi Note13 Pro 5G,Infinix GT 20 Pro,Oppo A38,Oppo A79,Oppo A60,Oppo Reno 11,Xiaomi 13T,Samsung Galaxy S24+,Samsung Galaxy A05s,Samsung Galaxy M34
Oppo A98 5G,Oppo Reno 10 Pro+,Realme 11 Pro+ 5G,Poco C65,Oppo Find X7,Redmi 13C,Oppo Reno 10,Samsung Galaxy A05s,Samsung Galaxy S24+,Samsung Galaxy M34,iPhone 14
Oppo A60,Redmi 12,Redmi Note 13 5G,Infinix Note 40,Infinix Zero 30 4G,iPhone 14,Realme Note 50,Huawei Nova Y72,Huawei Nova 11,Realme C65,Realme 12+ 5G
Oppo Find N3,Redmi Note13 Pro 5G,Asus Zenfone 11 Ultra,Samsung Galaxy M34,Samsung Galaxy S24+,Samsung Galaxy A05s,Oppo Reno 10,Oppo A38,Oppo A79,Oppo A60,Oppo Reno 11
Oppo A79,Infinix Zero 30 4G,Realme Note 50,Huawei Nova Y72,Redmi 12,Redmi Note 13 5G,Huawei Nova 11,Realme C65,Infinix Smart 8,Realme 12+ 5G,iPhone 14 Pro
Oppo A18,Samsung Galaxy A25,iPhone 15 Pro,Samsung Galaxy A35,Infinix Zero 30 4G,Infinix Note 40,Redmi 12,Redmi Note 13 5G,Realme Note 50,Huawei Nova Y72,Infinix Smart 8
Oppo A38,Infinix Note 40,Redmi Note 13 5G,Redmi 12,Realme Note 50,Huawei Nova Y72,Infinix Smart 8,Huawei Nova 11,Realme C65,Realme 12+ 5G,iPhone 15
Oppo Pad Neo,Infinix Hot 40 Pro,iPhone 15 Pro,Samsung Galaxy A35,Infinix Note 40,Infinix Zero 30 4G,Realme Note 50,Huawei Nova Y72,Redmi 12,Redmi Note 13 5G,Infinix Smart 8
Asus Zenfone 11 Ultra,Samsung Galaxy A05s,Samsung Galaxy M34,Oppo Reno 10,Oppo Find X7,Oppo Reno 11,Oppo A60,Oppo Reno 10 Pro+,Xiaomi 13T,Realme 11 Pro+ 5G,Asus ROG Phone 8 Pro
Asus Zenfone 10,Realme C67,Realme 11 Pro+ 5G,Vivo V29,Huawei Nova 11,Realme C65,Realme 12+ 5G,Huawei Nova Y72,Realme Note 50,iPhone 14 Pro,Infinix Note 40
Asus ROG Phone 8 Pro,Samsung Galaxy S24+,Samsung Galaxy A05s,Oppo Reno 10,Oppo Find X7,Oppo Reno 11,Oppo A60,Oppo Reno 10 Pro+,Xiaomi 13T,Realme 11 Pro+ 5G,Asus ROG Phone 8 Pro
Asus ROG Phone 8,Samsung Galaxy S24+,Samsung Galaxy M34,Oppo Reno 10,Oppo Find X7,Oppo Reno 11,Oppo A60,Oppo Reno 10 Pro+,Xiaomi 13T,Realme 11 Pro+ 5G,Asus ROG Phone 8 Pro
Infinix Smart 8,iPhone 15 Pro,Samsung Galaxy A25,Infinix Hot 40 Pro,Vivo V30,Poco X6 Pro 5G,Realme Note 50,Huawei Nova Y72,Huawei Nova 11,Realme C65,Realme 12+ 5G
Infinix Smart 8 Pro,Poco X6 Pro 5G,Realme Note 50,Huawei Nova Y72,Huawei Nova 11,Realme C65,Realme 12+ 5G,iPhone 14 Pro,iPhone 15,Infinix Note 40,Infinix Zero 30 4G
Infinix GT 20 Pro,Vivo T3x,Vivo V29e,Huawei Pura 70 Pro,Huawei P60 Pro,Realme C51,Huawei Nova 12s,Poco C65,Asus ROG Phone 8 Pro,Oppo Reno 10 Pro+,Oppo Find X7
Infinix Note 40 Pro,Vivo Y27s,Vivo V29e,Huawei Pura 70 Pro,Huawei P60 Pro,Realme C51,Huawei Nova 12s,Poco C65,Asus ROG Phone 8 Pro,Oppo Reno 10 Pro+,Oppo Find X7
Infinix Note 40,Vivo T3x,Vivo Y27s,Huawei Pura 70 Pro,Huawei P60 Pro,Realme C51,Huawei Nova 12s,Poco C65,Asus ROG Phone 8 Pro,Oppo Reno 10 Pro+,Oppo Find X7
Infinix Hot 40i,Realme C67,Samsung Galaxy Z Fold5,Realme Note 50,Huawei Nova Y72,Huawei Nova 11,Realme C65,Realme 12+ 5G,Poco X6 Pro 5G,Vivo V30,iPhone 14 Pro
Infinix Hot 40 Pro,Realme C51,Vivo V29e,Vivo T3x,Vivo Y27s,Huawei P60 Pro,Huawei Nova 12s,Poco C65,Asus ROG Phone 8 Pro,Oppo Reno 10 Pro+,Samsung Galaxy Z Fold5
Infinix Zero 30 5G,Huawei P60 Pro,Vivo Y27s,Vivo T3x,Vivo V29e,Huawei Pura 70 Pro,Realme C51,Oppo Reno 10 Pro+,Asus ROG Phone 8 Pro,Poco C65,Oppo Find X7
Infinix Zero 30 4G,Vivo T3x,Vivo Y27s,Vivo V29e,Huawei Pura 70 Pro,Huawei Nova 12s,Realme C51,Poco C65,Asus ROG Phone 8 Pro,Oppo Reno 10 Pro+,Oppo Find X7
Samsung Galaxy A15,Huawei Nova 11,Realme C65,Realme Note 50,Realme 12+ 5G,Infinix Note 40,iPhone 14 Pro,Infinix Zero 30 4G,Poco X6 Pro 5G,iPhone 15,Vivo V30
Samsung Galaxy A25,Realme C65,Huawei Nova Y72,Realme 12+ 5G,Realme Note 50,iPhone 14 Pro,Infinix Note 40,Infinix Zero 30 4G,iPhone 15,Poco X6 Pro 5G,Vivo V30
Samsung Galaxy S24 Ultra,Vivo Y27s,Vivo T3x,Vivo V29e,Huawei Pura 70 Pro,Realme C51,Huawei P60 Pro,Huawei Nova 12s,Oppo Reno 10 Pro+,Asus ROG Phone 8 Pro,Oppo Find X7
Samsung Galaxy S24+,Infinix Smart 8,Redmi Note 13 5G,Redmi 12,Infinix Note 40,iPhone 14 Pro,Infinix Zero 30 4G,Realme 12+ 5G,iPhone 15,Huawei Nova 11,Realme C65
Samsung Galaxy S24,Realme 12+ 5G,iPhone 15,Huawei Nova 11,Realme C65,Huawei Nova Y72,Realme Note 50,Infinix Note 40,Infinix Zero 30 4G,Poco X6 Pro 5G,iPhone 14
Samsung Galaxy Z Fold5,iPhone 14 Pro,Realme 12+ 5G,Huawei Nova 11,Realme C65,Huawei Nova Y72,Realme Note 50,Infinix Zero 30 4G,Infinix Note 40,Poco X6 Pro 5G,iPhone 14
Samsung Galaxy Z Flip5,Infinix Hot 40 Pro,Samsung Galaxy A25,Samsung Galaxy A35,Huawei Nova 11,Realme C65,Realme 12+ 5G,Huawei Nova Y72,Realme Note 50,iPhone 14 Pro,Infinix Note 40
Samsung Galaxy M34,Huawei Nova 11,Huawei Nova Y72,Realme 12+ 5G,Realme Note 50,iPhone 14 Pro,Infinix Note 40,Infinix Zero 30 4G,iPhone 15,Poco X6 Pro 5G,Vivo V30
Samsung Galaxy M54,Huawei Pura 70 Pro,Vivo T3x,Vivo Y27s,Vivo V29e,Huawei P60 Pro,Huawei Nova 12s,Poco C65,Realme C67,Samsung Galaxy Z Fold5,Vivo V29
Samsung Galaxy A05s,Huawei Nova Y72,Huawei Nova 11,Realme C65,Realme 12+ 5G,Infinix Note 40,Infinix Zero 30 4G,Poco X6 Pro 5G,iPhone 14 Pro,iPhone 15,Vivo V30
Samsung Galaxy A55,Samsung Galaxy Z Fold5,Vivo V29,Realme 12+ 5G,Huawei Nova 11,Realme C65,Realme 11 Pro+ 5G,Huawei Nova Y72,iPhone 14 Pro,Realme Note 50,Infinix Note 40
Samsung Galaxy A35,Huawei Nova 11,Realme C65,Huawei Nova Y72,Realme Note 50,iPhone 14 Pro,iPhone 15,Infinix Note 40,Infinix Zero 30 4G,Poco X6 Pro 5G,Vivo V30
Vivo V30e,Samsung Galaxy Z Fold5,Realme C67,Poco C65,iPhone 14,Redmi 12,Redmi Note 13 5G,Infinix Smart 8,Huawei Nova 11,Realme C65,Oppo Reno 10 Pro+
Vivo V30,Oppo A60,Oppo Reno 11,Oppo A38,Oppo Reno 10,Oppo A79,Samsung Galaxy A05s,Samsung Galaxy S24+,Samsung Galaxy M34,Oppo Find X7,Oppo Reno 10 Pro+
Vivo V30 Pro,Infinix GT 20 Pro,Asus Zenfone 11 Ultra,Oppo A38,Samsung Galaxy A05s,Samsung Galaxy S24+,Samsung Galaxy M34,Oppo Reno 11,Oppo A60,Xiaomi 13T,Oppo Reno 10
Vivo Y27s,Redmi 12,Infinix Smart 8,Infinix Note 40,Infinix Zero 30 4G,iPhone 14,Realme Note 50,Huawei Nova Y72,Huawei Nova 11,Realme C65,Realme 12+ 5G
Vivo Y100,Asus ROG Phone 8 Pro,Oppo Reno 10 Pro+,Infinix Smart 8,Redmi Note 13 5G,Redmi 12,iPhone 14,Oppo A60,Oppo Reno 11,Oppo Reno 10,Samsung Galaxy A05s
Vivo T3x,Redmi Note 13 5G,Infinix Smart 8,Infinix Note 40,Infinix Zero 30 4G,iPhone 14,Realme Note 50,Huawei Nova Y72,Realme C65,Huawei Nova 11,Realme 12+ 5G
Vivo Y18,Vivo V30,Realme Note 50,Huawei Nova Y72,Huawei Nova 11,Realme C65,Realme 12+ 5G,Infinix Note 40,Infinix Zero 30 4G,iPhone 14 Pro,iPhone 15
Vivo V29e,Realme 11 Pro+ 5G,Samsung Galaxy Z Fold5,Oppo Reno 10 Pro+,Asus ROG Phone 8 Pro,Realme C67,Vivo V29,Oppo Find X7,Oppo Reno 10,Samsung Galaxy A05s,Samsung Galaxy S24+
Vivo Y17s,Poco X6 Pro 5G,Vivo V30,Realme Note 50,Huawei Nova Y72,Huawei Nova 11,Realme C65,Realme 12+ 5G,Infinix Note 40,iPhone 14 Pro,iPhone 15
Vivo V29,Oppo Reno 10 Pro+,Asus ROG Phone 8 Pro,Oppo A60,Oppo Reno 11,Oppo Reno 10,Samsung Galaxy A05s,Samsung Galaxy S24+,Samsung Galaxy M34,Oppo Find X7,Poco C65
Huawei Pura 70 Ultra,Asus Zenfone 11 Ultra,Oppo A38,Oppo A79,Infinix GT 20 Pro,Redmi Note13 Pro 5G,Oppo A60,Oppo Reno 11,Samsung Galaxy M34,Samsung Galaxy S24+,Samsung Galaxy A05s
Huawei Pura 70 Pro,Oppo A38,Oppo A79,Oppo A60,Oppo Reno 11,Oppo Reno 10,Samsung Galaxy M34,Samsung Galaxy S24+,Samsung Galaxy A05s,Oppo Find X7,Xiaomi 13T
Huawei Pura 70,iPhone 14,Redmi 13C,Oppo Reno 10 Pro+,Infinix Smart 8,Samsung Galaxy M34,Samsung Galaxy S24+,Samsung Galaxy A05s,Redmi Note 13 5G,Asus ROG Phone 8 Pro,Redmi 12
Huawei Nova 12s,Poco C65,Oppo Reno 10 Pro+,Asus ROG Phone 8 Pro,Realme 11 Pro+ 5G,Oppo Reno 10,Samsung Galaxy A05s,Samsung Galaxy S24+,Samsung Galaxy M34,Oppo A60,Oppo Find X7
Huawei Nova 12 SE,Huawei Nova 12s,Vivo T3x,Vivo Y27s,Vivo V29e,Huawei P60 Pro,Huawei Pura 70 Pro,Realme C51,Oppo Reno 10 Pro+,Asus ROG Phone 8 Pro,Oppo Find X7
Huawei P60 Pro,Oppo A38,Oppo A60,Oppo Reno 11,Oppo A79,Oppo Reno 10,Samsung Galaxy S24+,Samsung Galaxy A05s,Samsung Galaxy M34,Oppo Find X7,Xiaomi 13T
Huawei Mate X3,iPhone 14,Redmi 13C,Infinix Smart 8,Redmi Note 13 5G,Redmi 12,Oppo Reno 10 Pro+,Samsung Galaxy S24+,Samsung Galaxy A05s,Samsung Galaxy M34,Asus ROG Phone 8 Pro
Huawei Nova Y72,Realme Note 50,Huawei Nova Y72,Poco X6 Pro 5G,Realme C65,Huawei Nova 11,Realme 12+ 5G,Infinix Note 40,Infinix Zero 30 4G,Vivo V30,iPhone 14 Pro
Huawei Nova 11 Pro,Oppo A60,Oppo Reno 11,Oppo Reno 10 Pro+,Asus ROG Phone 8 Pro,Xiaomi 13T,Oppo Reno 10,Oppo A38,Oppo Find X7,Samsung Galaxy A05s,Samsung Galaxy S24+
Huawei Nova 11,Poco C65,Oppo Reno 10 Pro+,Asus ROG Phone 8 Pro,Realme 11 Pro+ 5G,Oppo Reno 10,Samsung Galaxy A05s,Samsung Galaxy S24+,Samsung Galaxy M34,Oppo A60,Oppo Find X7
iPhone 12,iPhone 15 Pro,Samsung Galaxy A35,Infinix Hot 40 Pro,Samsung Galaxy A25,Huawei Nova 11,Realme C65,Realme 12+ 5G,Huawei Nova Y72,Realme Note 50,iPhone 14 Pro
iPhone 13,iPhone 15 Pro,Samsung Galaxy A35,Infinix Hot 40 Pro,Samsung Galaxy A25,Huawei Nova 11,Realme C65,Realme 12+ 5G,Huawei Nova Y72,Realme Note 50,iPhone 14 Pro
iPhone SE (3rd gen),Samsung Galaxy A35,iPhone 15 Pro,Samsung Galaxy A25,Infinix Hot 40 Pro,Poco X6 Pro 5G,Realme Note 50,Huawei Nova Y72,Vivo V30,Huawei Nova 11,Realme C65
iPhone 14,iPhone 15 Pro,Samsung Galaxy A35,Infinix Hot 40 Pro,Samsung Galaxy A25,Huawei Nova 11,Realme C65,Realme 12+ 5G,Huawei Nova Y72,Realme Note 50,iPhone 14 Pro
iPhone 14 Plus,iPhone 15 Pro,Samsung Galaxy A35,Infinix Hot 40 Pro,Samsung Galaxy A25,Huawei Nova 11,Realme C65,Realme 12+ 5G,Huawei Nova Y72,Realme Note 50,iPhone 14 Pro
iPhone 14 Pro,iPhone 14 Pro,Realme 12+ 5G,iPhone 15,Huawei Nova 11,Realme C65,Huawei Nova Y72,Realme Note 50,Poco X6 Pro 5G,Vivo V30,Infinix Note 40
iPhone 14 Pro Max,iPhone 14 Pro,Realme 12+ 5G,iPhone 15,Huawei Nova 11,Realme C65,Huawei Nova Y72,Realme Note 50,Poco X6 Pro 5G,Vivo V30,Infinix Note 40
iPhone 15,Huawei Nova 11,Realme C65,Realme 12+ 5G,Huawei Nova Y72,Realme Note 50,iPhone 14 Pro,Poco X6 Pro 5G,iPhone 15,Vivo V30,Infinix Note 40
iPhone 15 Plus,Huawei Nova 11,Realme C65,Realme 12+ 5G,Huawei Nova Y72,Realme Note 50,iPhone 14 Pro,Poco X6 Pro 5G,iPhone 15,Vivo V30,Infinix Note 40
iPhone 15 Pro,iPhone 14 Pro,Realme 12+ 5G,iPhone 15,Huawei Nova 11,Realme C65,Huawei Nova Y72,Realme Note 50,Poco X6 Pro 5G,Vivo V30,Infinix Note 40
iPhone 15 Pro Max,iPhone 14 Pro,Realme 12+ 5G,iPhone 15,Huawei Nova 11,Realme C65,Huawei Nova Y72,Realme Note 50,Poco X6 Pro 5G,Vivo V30,Infinix Note 40
Realme C65,Redmi Note 13 5G,Infinix Smart 8,Redmi 12,Infinix Note 40,Infinix Zero 30 4G,iPhone 14,Realme Note 50,Huawei Nova Y72,Huawei Nova 11,Realme C65
Realme C55,Infinix Note 40,Infinix Zero 30 4G,Realme Note 50,Huawei Nova Y72,Redmi Note 13 5G,Redmi 12,Huawei Nova 11,Realme C65,Infinix Smart 8,Realme 12+ 5G
Realme C51,Infinix Zero 30 4G,Infinix Note 40,Redmi Note 13 5G,Redmi 12,Realme Note 50,Huawei Nova Y72,Infinix Smart 8,Huawei Nova 11,Realme C65,Realme 12+ 5G
Realme C51s,Infinix Zero 30 4G,Infinix Note 40,Redmi 12,Redmi Note 13 5G,Realme Note 50,Infinix Smart 8,Huawei Nova Y72,Huawei Nova 11,Realme C65,Realme 12+ 5G
Realme Note 50,Samsung Galaxy A35,iPhone 15 Pro,Infinix Hot 40 Pro,Samsung Galaxy A25,Vivo V30,Poco X6 Pro 5G,Realme Note 50,Huawei Nova Y72,Huawei Nova 11,Realme C65
Realme C53,Infinix Note 40,Infinix Zero 30 4G,Realme Note 50,Huawei Nova Y72,Redmi 12,Redmi Note 13 5G,Infinix Smart 8,Huawei Nova 11,Realme C65,Realme 12+ 5G
Realme C67,Huawei Pura 70 Pro,Realme C51,Vivo V29e,Vivo T3x,Vivo Y27s,Huawei P60 Pro,Huawei Nova 12s,Infinix Note 40,Infinix Zero 30 4G,Realme Note 50
Realme 12 Pro+ 5G,Xiaomi 13T,Oppo Reno 10,Samsung Galaxy A05s,Samsung Galaxy S24+,Samsung Galaxy M34,Oppo A79,Oppo A60,Oppo Reno 11,Oppo Find X7,Oppo A38
Realme 12+ 5G,Redmi 13C,Oppo Reno 10 Pro+,Asus ROG Phone 8 Pro,Infinix Smart 8,iPhone 14,Redmi Note 13 5G,Redmi 12,Realme 11 Pro+ 5G,Oppo Reno 10,Samsung Galaxy A05s
Realme 12 5G,Vivo V29e,Vivo T3x,Vivo Y27s,Huawei Pura 70 Pro,Realme C51,Huawei P60 Pro,Huawei Nova 12s,Asus ROG Phone 8 Pro,Oppo Reno 10 Pro+,Infinix Smart 8
Realme 11 Pro+ 5G,iPhone 13,Huawei Nova 12s,Vivo Y27s,Vivo T3x,Vivo V29e,Huawei P60 Pro,Huawei Pura 70 Pro,Realme C51,Oppo Reno 10 Pro+,Asus ROG Phone 8 Pro
Xiaomi 14,Asus Zenfone 11 Ultra,Redmi Note13 Pro 5G,Infinix GT 20 Pro,Oppo A38,Oppo A79,Oppo A60,Oppo Reno 11,Samsung Galaxy A05s,Samsung Galaxy S24+,Samsung Galaxy M34
Xiaomi 13T,Samsung Galaxy A05s,Samsung Galaxy S24+,Samsung Galaxy M34,Oppo Reno 10,Oppo A60,Oppo Reno 11,Oppo Find X7,Xiaomi 13T,Oppo A38,Oppo A79
Redmi Note 13 Pro+,iPhone 13,Huawei Nova 12s,Vivo Y27s,Vivo T3x,Vivo V29e,Huawei P60 Pro,Huawei Pura 70 Pro,Realme C51,Oppo Reno 10 Pro+,Asus ROG Phone 8 Pro
Redmi Note13 Pro 5G,iPhone 13,Vivo Y27s,Vivo T3x,Vivo V29e,Huawei Nova 12s,Huawei Pura 70 Pro,Huawei P60 Pro,Realme C51,Oppo Reno 10 Pro+,Asus ROG Phone 8 Pro
Redmi Note 13 Pro 4G,iPhone 13,Vivo Y27s,Vivo T3x,Vivo V29e,Huawei Nova 12s,Huawei Pura 70 Pro,Huawei P60 Pro,Realme C51,Oppo Reno 10 Pro+,Asus ROG Phone 8 Pro
Redmi Note 13 5G,Huawei Pura 70 Pro,Realme C51,Vivo Y27s,Vivo T3x,Vivo V29e,Huawei P60 Pro,Huawei Nova 12s,Poco C65,Oppo Reno 10 Pro+,Asus ROG Phone 8 Pro
Redmi Note 13 4G,Huawei Pura 70 Pro,Realme C51,Vivo T3x,Vivo Y27s,Vivo V29e,Huawei P60 Pro,Huawei Nova 12s,Poco C65,Oppo Reno 10 Pro+,Asus ROG Phone 8 Pro
Redmi 13C,Poco X6 Pro 5G,Vivo V30,Realme Note 50,Huawei Nova Y72,Huawei Nova 11,Realme C65,Realme 12+ 5G,Infinix Note 40,Infinix Zero 30 4G,iPhone 14 Pro
Redmi A3,Samsung Galaxy A35,iPhone 15 Pro,Infinix Hot 40 Pro,Samsung Galaxy A25,Vivo V30,Poco X6 Pro 5G,Realme Note 50,Huawei Nova Y72,Huawei Nova 11,Realme C65
Redmi 12,Huawei Nova 11,Realme C65,Poco X6 Pro 5G,Huawei Nova Y72,Realme 12+ 5G,Realme Note 50,Vivo V30,iPhone 14 Pro,iPhone 15,Infinix Note 40
Poco F5,Oppo Reno 10 Pro+,Asus ROG Phone 8 Pro,Redmi 13C,Infinix Smart 8,iPhone 14,Redmi Note 13 5G,Redmi 12,Oppo Find X7,Realme 11 Pro+ 5G,Oppo Reno 10
Poco X6 Pro 5G,Oppo Reno 10 Pro+,Asus ROG Phone 8 Pro,Redmi 13C,Infinix Smart 8,iPhone 14,Redmi Note 13 5G,Redmi 12,Oppo Find X7,Realme 11 Pro+ 5G,Oppo Reno 10
Poco X6 5G,Oppo Reno 10 Pro+,Asus ROG Phone 8 Pro,Redmi 13C,Infinix Smart 8,iPhone 14,Redmi Note 13 5G,Redmi 12,Oppo Find X7,Realme 11 Pro+ 5G,Oppo Reno 10
Poco C65,Poco X6 Pro 5G,Vivo V30,Realme Note 50,Huawei Nova Y72,Huawei Nova 11,Realme C65,Realme 12+ 5G,Infinix Note 40,Infinix Zero 30 4G,iPhone 14 Pro
