user_id,q1,q2,q3,q4,q5,q6,q7,q8
501,4,5,1,2,3,2,TRUE,3
502,2,1,3,1,3,5,TRUE,2
503,1,3,3,4,3,5,TRUE,8
504,3,5,1,4,2,2,TRUE,2
505,1,4,5,1,2,4,TRUE,5
506,5,3,3,1,1,4,TRUE,4
507,4,5,2,5,2,3,TRUE,2
508,1,5,5,5,5,3,TRUE,4
509,1,3,3,3,2,2,TRUE,8
510,1,3,2,5,5,2,TRUE,2
511,1,5,3,5,5,3,TRUE,8
512,5,5,3,3,4,4,TRUE,8
513,3,1,5,2,2,2,TRUE,6
514,3,5,3,1,2,4,TRUE,2
515,2,3,2,2,2,5,TRUE,5
516,3,3,4,4,1,1,TRUE,9
517,1,2,3,4,1,2,TRUE,3
518,4,2,3,4,3,4,TRUE,2
519,2,2,4,5,4,4,TRUE,7
520,4,1,3,2,1,2,TRUE,5
521,1,5,2,2,4,2,TRUE,7
522,4,3,2,3,3,4,TRUE,2
523,5,2,4,1,2,1,TRUE,7
524,2,1,2,1,3,4,TRUE,1
525,1,1,3,4,4,2,TRUE,8
526,4,1,4,2,5,4,TRUE,8
527,2,3,5,1,2,4,TRUE,7
528,4,4,3,1,2,2,TRUE,9
529,2,3,5,5,4,4,TRUE,7
530,4,5,1,4,2,3,TRUE,3
531,1,3,1,3,1,4,TRUE,6
532,5,5,4,3,2,1,TRUE,2
533,2,1,1,3,5,1,TRUE,3
534,5,5,4,5,2,1,TRUE,9
535,2,5,1,5,2,2,TRUE,6
536,3,4,1,5,1,2,TRUE,2
537,5,5,1,3,5,1,TRUE,4
538,5,1,3,1,2,1,TRUE,7
539,1,3,1,5,4,1,TRUE,4
540,1,1,5,3,1,3,TRUE,4
541,5,1,2,5,1,2,TRUE,1
542,2,1,2,2,3,4,TRUE,7
543,1,4,5,3,3,5,TRUE,4
544,4,3,3,4,2,2,TRUE,6
545,4,2,3,5,2,2,TRUE,2
546,3,3,1,2,1,2,TRUE,4
547,3,2,2,3,3,2,TRUE,2
548,3,4,5,4,5,5,TRUE,0
549,4,3,2,1,5,5,TRUE,4
550,1,2,2,3,2,2,TRUE,2
551,4,3,5,3,2,4,TRUE,8
552,3,2,5,5,4,1,TRUE,7
553,2,4,2,4,1,1,TRUE,3
554,1,4,4,1,1,1,TRUE,3
555,3,4,4,1,4,4,TRUE,7
556,3,2,3,4,3,3,TRUE,2
557,4,1,1,4,5,5,TRUE,6
558,4,4,1,3,2,3,TRUE,5
559,5,2,3,3,1,5,TRUE,0
560,3,2,1,5,3,3,TRUE,3
561,1,5,5,2,5,2,TRUE,0
562,5,4,1,4,3,2,TRUE,1
563,5,3,3,1,5,3,TRUE,6
564,1,3,3,2,5,5,TRUE,4
565,1,4,2,4,5,4,TRUE,9
566,5,2,2,2,1,3,TRUE,8
567,2,2,2,3,5,3,TRUE,0
568,5,3,1,5,5,3,TRUE,1
569,1,4,5,5,2,2,TRUE,0
570,3,3,4,1,5,2,TRUE,2
571,3,1,3,2,4,4,TRUE,9
572,1,3,4,2,2,4,TRUE,7
573,1,3,1,5,5,1,TRUE,8
574,4,1,4,4,2,2,TRUE,9
575,4,2,5,2,5,2,TRUE,1
576,1,2,4,2,5,3,TRUE,5
577,2,4,4,1,4,4,TRUE,7
578,5,3,1,1,3,4,TRUE,3
579,4,3,2,2,3,3,TRUE,0
580,1,4,4,3,5,1,TRUE,6
581,1,5,4,3,4,1,TRUE,5
582,2,1,5,1,4,5,TRUE,2
583,2,3,3,4,5,1,TRUE,5
584,3,3,1,1,2,4,TRUE,7
585,5,3,1,2,1,3,TRUE,1
586,4,1,5,3,5,5,TRUE,0
587,2,4,4,2,3,4,TRUE,2
588,5,4,4,3,3,2,TRUE,8
589,1,1,1,1,2,5,TRUE,0
590,3,2,1,4,1,3,TRUE,5
591,1,1,2,1,2,3,TRUE,2
592,3,3,2,3,3,1,TRUE,0
593,5,2,3,2,3,3,TRUE,2
594,1,3,4,4,4,1,TRUE,7
595,5,4,5,1,3,1,TRUE,4
596,2,2,2,1,1,4,TRUE,1
597,5,5,2,1,2,4,TRUE,2
598,5,3,1,3,4,5,TRUE,0
599,2,1,3,2,5,2,TRUE,7
600,5,4,5,1,4,2,TRUE,1
601,3,5,2,3,1,1,TRUE,4
602,5,5,5,2,2,2,TRUE,7
603,1,1,3,5,1,4,TRUE,2
604,3,4,3,3,1,1,TRUE,9
605,5,1,1,4,5,3,TRUE,2
606,2,2,5,2,2,2,TRUE,0
607,3,1,5,1,3,1,TRUE,4
608,4,3,2,4,1,3,TRUE,2
609,3,2,2,1,4,4,TRUE,1
610,3,4,2,4,2,1,TRUE,7
611,5,4,3,5,3,2,TRUE,6
612,2,2,2,3,2,1,TRUE,6
613,1,1,1,2,3,4,TRUE,2
614,2,5,1,2,4,5,TRUE,7
615,1,5,2,1,3,2,TRUE,4
616,4,5,2,4,1,4,TRUE,8
617,3,3,1,4,5,4,TRUE,3
618,2,3,5,5,5,2,TRUE,8
619,2,3,5,5,4,2,TRUE,2
620,3,3,1,4,4,4,TRUE,4
621,2,3,2,2,3,4,TRUE,7
622,1,5,3,2,1,1,TRUE,4
623,3,3,4,2,2,5,TRUE,2
624,3,2,5,5,1,5,TRUE,1
625,2,5,2,3,3,5,TRUE,4
626,4,4,4,3,3,4,TRUE,7
627,4,4,2,5,5,1,TRUE,3
628,5,4,1,2,1,2,TRUE,4
629,4,1,1,3,4,2,TRUE,5
630,4,1,2,4,1,4,TRUE,9
631,1,4,1,3,4,2,TRUE,6
632,3,1,5,5,4,3,TRUE,8
633,1,4,4,1,4,4,TRUE,6
634,5,5,1,2,4,4,TRUE,0
635,3,4,3,3,5,5,TRUE,0
636,1,5,4,4,2,5,TRUE,2
637,5,5,3,2,5,1,TRUE,1
638,4,4,1,5,3,1,TRUE,8
639,5,1,4,4,5,2,TRUE,8
640,2,1,1,1,4,1,TRUE,3
641,2,4,3,4,5,4,TRUE,9
642,5,2,5,3,5,5,TRUE,1
643,4,5,5,2,3,2,TRUE,2
644,4,1,1,1,4,1,TRUE,7
645,5,5,4,3,2,4,TRUE,8
646,3,4,5,1,4,3,TRUE,1
647,1,4,3,2,5,2,TRUE,1
648,1,4,2,1,3,4,TRUE,5
649,4,2,3,1,4,4,TRUE,0
650,4,1,5,2,5,2,TRUE,0
651,3,4,5,1,1,2,TRUE,5
652,4,2,2,4,3,1,TRUE,0
653,1,2,1,5,1,1,TRUE,3
654,2,2,2,5,1,1,TRUE,5
655,3,5,3,1,4,4,TRUE,5
656,5,2,5,1,2,5,TRUE,7
657,4,1,3,5,1,1,TRUE,6
658,2,5,1,1,1,4,TRUE,7
659,4,4,1,5,5,4,TRUE,5
660,4,5,3,4,1,4,TRUE,4
661,2,5,1,3,4,1,TRUE,5
662,2,3,3,4,3,3,TRUE,6
663,4,2,5,2,3,5,TRUE,6
664,1,1,5,5,4,3,TRUE,1
665,3,1,5,2,1,3,TRUE,7
666,1,3,3,1,2,2,TRUE,8
667,5,4,5,3,1,4,TRUE,8
668,4,4,5,5,1,4,TRUE,6
669,4,4,3,3,2,1,TRUE,2
670,1,5,1,2,5,3,TRUE,3
671,5,2,5,5,3,2,TRUE,8
672,5,3,4,5,5,5,TRUE,7
673,3,4,2,2,1,4,TRUE,9
674,3,3,5,1,5,3,TRUE,0
675,3,3,3,5,1,5,TRUE,0
676,1,4,1,1,5,2,TRUE,8
677,2,5,5,5,5,4,TRUE,0
678,4,4,3,4,2,5,TRUE,8
679,1,1,3,4,4,4,TRUE,2
680,2,4,2,2,3,5,TRUE,6
681,2,1,2,4,3,5,TRUE,9
682,4,2,3,4,4,5,TRUE,0
683,2,3,5,3,3,1,TRUE,9
684,4,1,3,3,2,3,TRUE,8
685,4,4,5,1,5,5,TRUE,7
686,4,4,3,3,3,5,TRUE,3
687,3,4,1,4,5,2,TRUE,5
688,5,2,1,3,3,2,TRUE,4
689,3,2,1,5,2,5,TRUE,7
690,4,3,3,1,4,4,TRUE,8
691,4,3,3,3,3,3,TRUE,4
692,2,5,5,5,4,3,TRUE,5
693,5,5,5,2,3,4,TRUE,1
694,2,3,4,3,3,1,TRUE,9
695,4,3,1,1,3,3,TRUE,4
696,1,1,5,4,3,5,TRUE,1
697,4,1,3,2,2,1,TRUE,3
698,2,5,1,5,1,1,TRUE,5
699,1,4,3,3,2,4,TRUE,7
700,5,2,5,1,5,5,TRUE,3
701,5,5,5,2,3,2,TRUE,3
702,3,2,4,3,1,2,TRUE,5
703,4,4,5,2,5,1,TRUE,4
704,3,4,2,3,1,3,TRUE,8
705,4,2,2,4,4,2,TRUE,5
706,5,3,4,2,3,2,TRUE,7
707,1,2,1,3,2,1,TRUE,1
708,1,4,1,4,1,2,TRUE,1
709,3,5,1,4,3,1,TRUE,7
710,5,3,3,1,1,3,TRUE,2
711,3,2,3,1,1,5,TRUE,6
712,4,4,4,3,4,3,TRUE,2
713,3,5,2,2,1,2,TRUE,9
714,3,4,4,4,1,5,TRUE,6
715,5,5,3,3,2,4,TRUE,1
716,5,2,3,4,1,5,TRUE,5
717,3,1,3,1,3,5,TRUE,0
718,3,1,1,5,3,5,TRUE,2
719,3,1,4,2,4,3,TRUE,4
720,2,5,2,4,1,2,TRUE,5
721,5,5,2,3,4,5,TRUE,2
722,2,4,3,3,3,5,TRUE,4
723,2,1,5,5,5,4,TRUE,5
724,5,2,4,2,1,5,TRUE,3
725,1,2,1,1,3,1,TRUE,2
726,5,4,3,5,2,5,TRUE,5
727,2,5,1,4,5,3,TRUE,8
728,1,5,3,4,5,2,TRUE,2
729,1,2,2,3,2,1,TRUE,8
730,1,1,4,2,2,1,TRUE,1
731,1,4,4,4,3,2,TRUE,1
732,5,4,2,1,1,2,TRUE,4
733,3,5,5,1,5,4,TRUE,8
734,4,4,3,2,5,4,TRUE,0
735,5,4,1,4,5,5,TRUE,7
736,1,4,3,5,2,2,TRUE,9
737,4,1,2,5,5,5,TRUE,4
738,2,4,3,4,5,2,TRUE,7
739,3,5,4,3,1,3,TRUE,9
740,1,1,1,1,2,5,TRUE,1
741,5,4,3,5,5,1,TRUE,2
742,1,4,5,1,3,3,TRUE,8
743,4,2,1,1,2,3,TRUE,7
744,5,4,5,2,2,5,TRUE,2
745,2,1,5,4,2,4,TRUE,8
746,4,3,2,1,3,3,TRUE,0
747,2,5,4,4,3,2,TRUE,2
748,4,2,1,1,2,2,TRUE,5
749,4,4,3,5,5,1,TRUE,2
750,5,5,2,5,4,1,TRUE,8
751,1,1,1,1,2,2,TRUE,7
752,1,2,3,2,3,2,TRUE,1
753,5,5,2,3,1,5,TRUE,6
754,4,3,3,5,2,1,TRUE,9
755,1,3,5,4,3,1,TRUE,2
756,3,2,1,1,3,5,TRUE,8
757,2,5,2,3,1,5,TRUE,0
758,1,2,2,1,1,5,TRUE,7
759,4,2,3,3,5,4,TRUE,5
760,3,2,3,5,2,3,TRUE,3
761,5,1,3,3,4,5,TRUE,7
762,1,5,4,3,4,5,TRUE,1
763,5,5,2,1,3,5,TRUE,4
764,2,3,4,5,4,4,TRUE,7
765,2,1,3,3,4,2,TRUE,4
766,1,5,3,4,2,3,TRUE,7
767,2,3,4,2,2,1,TRUE,0
768,4,4,1,3,2,2,TRUE,2
769,4,5,3,3,4,4,TRUE,1
770,5,5,1,1,2,1,TRUE,6
771,2,5,4,1,3,3,TRUE,4
772,5,4,5,2,5,2,TRUE,0
773,4,2,3,4,4,3,TRUE,3
774,4,4,1,1,5,4,TRUE,6
775,4,4,4,4,3,1,TRUE,1
776,1,1,4,4,5,3,TRUE,7
777,1,5,5,4,2,5,TRUE,8
778,1,2,3,2,2,4,TRUE,8
779,3,5,3,2,2,4,TRUE,2
780,1,2,4,4,2,1,TRUE,5
781,4,1,4,1,2,4,TRUE,9
782,4,1,4,2,1,3,TRUE,4
783,1,4,5,3,4,5,TRUE,3
784,2,5,4,4,1,4,TRUE,8
785,5,2,4,4,4,5,TRUE,6
786,3,2,3,2,3,4,TRUE,4
787,4,5,3,3,1,2,TRUE,6
788,1,1,4,5,1,1,TRUE,5
789,4,5,2,4,1,5,TRUE,7
790,4,5,2,5,1,4,TRUE,8
791,4,2,3,5,3,4,TRUE,7
792,1,1,2,3,3,4,TRUE,5
793,3,3,2,4,5,2,TRUE,6
794,3,3,3,5,1,5,TRUE,5
795,4,5,1,1,4,1,TRUE,0
796,4,4,4,2,2,1,TRUE,3
797,2,5,3,2,4,4,TRUE,1
798,4,2,1,4,2,5,TRUE,8
799,5,4,5,2,4,4,TRUE,3
800,3,3,3,2,4,3,TRUE,2
801,5,5,1,3,4,5,TRUE,9
802,1,2,5,3,4,5,TRUE,5
803,5,4,2,2,4,3,TRUE,1
804,3,5,2,1,3,4,TRUE,1
805,5,4,1,4,3,3,TRUE,5
806,2,2,2,4,3,1,TRUE,5
807,5,4,4,5,3,5,TRUE,5
808,5,5,4,4,5,4,TRUE,2
809,2,2,3,2,4,4,TRUE,2
810,4,1,4,3,4,3,TRUE,9
811,5,5,2,1,4,2,TRUE,8
812,3,3,3,5,1,2,TRUE,9
813,3,4,5,1,5,4,TRUE,9
814,2,2,1,5,3,5,TRUE,1
815,5,3,1,4,5,2,TRUE,2
816,4,1,2,1,4,4,TRUE,3
817,2,1,5,5,2,3,TRUE,4
818,5,3,3,2,1,4,TRUE,5
819,4,5,2,1,2,3,TRUE,4
820,1,3,2,2,1,5,TRUE,4
821,5,5,1,1,5,5,TRUE,8
822,1,4,1,2,5,3,TRUE,6
823,4,2,1,3,4,1,TRUE,2
824,2,5,1,2,4,1,TRUE,5
825,2,1,4,3,1,3,TRUE,9
826,4,5,2,4,1,4,TRUE,4
827,3,4,3,5,5,1,TRUE,7
828,4,1,1,3,4,4,TRUE,9
829,5,2,4,2,1,4,TRUE,1
830,1,4,1,1,4,5,TRUE,0
831,2,5,3,4,5,3,TRUE,6
832,1,5,4,1,1,5,TRUE,1
833,3,3,1,5,4,4,TRUE,1
834,1,1,3,4,4,4,TRUE,1
835,2,1,2,2,3,1,TRUE,1
836,5,4,2,4,4,1,TRUE,5
837,2,5,3,2,3,3,TRUE,1
838,4,2,4,2,5,4,TRUE,0
839,1,4,4,2,5,1,TRUE,7
840,2,1,4,5,2,1,TRUE,5
841,2,5,3,4,1,4,TRUE,2
842,1,1,4,3,4,3,TRUE,5
843,4,2,2,4,4,2,TRUE,1
844,4,4,4,2,2,3,TRUE,3
845,2,2,5,4,1,4,TRUE,3
846,3,3,1,1,2,2,TRUE,1
847,5,2,3,5,1,5,TRUE,8
848,1,1,3,2,5,4,TRUE,2
849,4,1,4,3,1,1,TRUE,8
850,1,3,2,4,2,2,TRUE,1
851,3,3,2,4,5,5,TRUE,5
852,5,3,3,2,3,4,TRUE,7
853,1,4,1,2,4,5,TRUE,9
854,5,5,2,4,5,5,TRUE,5
855,4,4,4,4,5,4,TRUE,5
856,5,5,5,2,3,5,TRUE,5
857,2,3,2,5,4,3,TRUE,2
858,1,4,5,3,1,4,TRUE,0
859,3,5,3,1,4,4,TRUE,1
860,2,4,4,4,1,2,TRUE,6
861,5,2,2,2,5,2,TRUE,7
862,2,1,4,2,2,5,TRUE,0
863,4,5,5,4,5,1,TRUE,8
864,1,2,4,5,3,2,TRUE,8
865,3,1,1,2,2,1,TRUE,2
866,4,4,4,5,5,1,TRUE,1
867,2,4,5,4,3,4,TRUE,4
868,3,2,4,4,1,4,TRUE,7
869,2,2,5,1,4,4,TRUE,9
870,2,5,2,1,3,1,TRUE,6
871,1,4,1,3,1,5,TRUE,6
872,1,2,5,2,3,2,TRUE,3
873,1,5,5,5,3,2,TRUE,5
874,2,5,5,2,2,2,TRUE,3
875,1,2,4,1,1,2,TRUE,0
876,2,1,2,3,4,3,TRUE,6
877,4,5,5,2,3,1,TRUE,2
878,5,5,5,2,2,3,TRUE,5
879,4,1,3,2,3,4,TRUE,7
880,1,1,5,5,2,4,TRUE,3
881,3,2,2,1,3,3,TRUE,3
882,5,1,1,4,2,1,TRUE,4
883,3,2,3,2,2,2,TRUE,8
884,3,5,5,1,4,2,TRUE,8
885,2,5,2,2,4,5,TRUE,9
886,2,3,3,1,2,2,TRUE,6
887,3,1,5,4,1,3,TRUE,2
888,4,3,5,2,2,4,TRUE,1
889,5,5,2,2,5,3,TRUE,8
890,4,3,2,1,2,1,TRUE,6
891,5,5,4,3,1,1,TRUE,1
892,3,1,1,2,1,4,TRUE,6
893,5,1,3,5,4,3,TRUE,9
894,4,1,4,2,5,1,TRUE,1
895,2,5,2,4,5,4,TRUE,0
896,2,4,3,4,4,3,TRUE,2
897,4,3,4,5,3,4,TRUE,5
898,2,5,4,3,3,3,TRUE,8
899,4,1,2,5,3,2,TRUE,4
900,1,2,3,2,2,5,TRUE,4
901,1,5,4,2,3,4,TRUE,4
902,3,3,2,3,2,2,TRUE,7
903,1,1,3,1,1,4,TRUE,0
904,2,5,3,5,3,4,TRUE,8
905,3,5,4,3,3,2,TRUE,9
906,3,4,2,5,5,3,TRUE,9
907,5,2,5,2,4,2,TRUE,4
908,1,4,5,2,2,3,TRUE,9
909,2,3,1,4,5,4,TRUE,9
910,3,1,2,1,1,5,TRUE,8
911,3,4,1,2,1,2,TRUE,2
912,4,3,2,4,3,1,TRUE,9
913,4,4,1,5,5,5,TRUE,2
914,2,1,2,1,3,1,TRUE,9
915,5,1,2,2,1,3,TRUE,5
916,5,3,1,1,4,5,TRUE,0
917,5,3,1,1,1,4,TRUE,2
918,5,1,3,3,3,1,TRUE,9
919,4,4,4,2,5,2,TRUE,7
920,3,4,2,2,1,4,TRUE,5
921,3,2,4,3,5,4,TRUE,8
922,4,3,3,5,1,5,TRUE,2
923,5,1,5,3,2,4,TRUE,6
924,3,3,2,1,4,1,TRUE,7
925,3,1,4,3,4,3,TRUE,7
926,1,1,4,3,4,2,TRUE,6
927,1,5,1,3,2,1,TRUE,2
928,4,4,5,4,4,2,TRUE,2
929,3,1,1,4,4,2,TRUE,6
930,5,3,1,5,5,2,TRUE,2
931,3,3,3,4,4,2,TRUE,9
932,2,5,1,1,3,4,TRUE,9
933,3,1,5,4,4,1,TRUE,2
934,2,4,1,4,5,4,TRUE,8
935,2,2,4,5,4,2,TRUE,4
936,4,5,5,5,2,2,TRUE,3
937,5,4,1,4,4,3,TRUE,8
938,5,3,1,5,5,3,TRUE,8
939,4,4,2,4,4,1,TRUE,1
940,2,1,2,2,4,2,TRUE,9
941,5,2,3,5,5,4,TRUE,9
942,1,3,1,1,1,4,TRUE,9
943,1,1,1,1,2,1,TRUE,4
944,3,2,4,5,2,4,TRUE,3
945,4,3,2,3,3,3,TRUE,8
946,4,5,3,5,4,3,TRUE,2
947,1,5,5,1,3,3,TRUE,5
948,1,1,2,1,2,4,TRUE,7
949,5,1,1,1,2,3,TRUE,4
950,1,4,5,2,4,1,TRUE,3
951,1,4,3,4,3,5,TRUE,0
952,2,1,3,5,2,1,TRUE,6
953,2,2,2,1,5,1,TRUE,5
954,5,4,4,5,2,3,TRUE,7
955,5,2,2,1,3,2,TRUE,5
956,3,1,4,1,1,1,TRUE,1
957,2,4,1,1,3,4,TRUE,5
958,4,4,2,2,2,1,TRUE,8
959,2,2,2,1,2,5,TRUE,4
960,3,3,1,1,1,2,TRUE,7
961,5,2,1,1,3,2,TRUE,7
962,2,2,2,2,4,4,TRUE,9
963,4,2,5,5,3,2,TRUE,4
964,4,5,5,2,2,2,TRUE,0
965,1,1,3,3,5,1,TRUE,3
966,4,3,3,4,3,4,TRUE,9
967,1,2,5,5,1,1,TRUE,5
968,4,4,2,2,3,1,TRUE,3
969,2,1,2,1,5,5,TRUE,5
970,5,4,2,5,5,5,TRUE,9
971,5,2,2,2,3,1,TRUE,8
972,5,2,2,5,5,2,TRUE,0
973,3,5,5,4,4,3,TRUE,5
974,4,2,1,1,1,5,TRUE,8
975,5,4,3,5,2,2,TRUE,5
976,3,2,2,4,2,5,TRUE,6
977,5,2,4,5,2,5,TRUE,2
978,4,1,5,1,4,4,TRUE,7
979,3,4,2,1,2,5,TRUE,0
980,1,5,4,4,2,2,TRUE,5
981,3,4,5,1,1,5,TRUE,4
982,5,3,4,2,5,5,TRUE,2
983,3,2,3,4,5,4,TRUE,3
984,4,3,4,1,5,2,TRUE,8
985,4,5,1,4,1,2,TRUE,4
986,4,4,1,1,3,4,TRUE,1
987,2,3,5,2,4,5,TRUE,4
988,5,5,2,3,4,5,TRUE,9
989,2,3,1,3,5,1,TRUE,6
990,4,5,2,1,1,2,TRUE,9
991,3,4,2,1,2,2,TRUE,5
992,2,1,5,4,4,1,TRUE,8
993,2,5,3,2,3,3,TRUE,9
994,5,2,4,1,3,4,TRUE,9
995,4,4,5,1,2,4,TRUE,0
996,5,2,5,3,5,1,TRUE,7
997,5,3,1,2,4,2,TRUE,3
998,3,5,1,3,2,5,TRUE,3
999,4,3,5,2,4,1,TRUE,5
1000,4,1,2,1,2,5,TRUE,9
1001,1,1,5,4,3,2,TRUE,0
1002,5,5,1,4,3,4,TRUE,1
1003,4,3,4,4,2,2,TRUE,8
1004,1,3,4,2,1,1,TRUE,7
1005,3,4,1,4,4,1,TRUE,6
1006,1,4,1,2,1,2,TRUE,0
1007,3,1,4,5,5,5,TRUE,2
1008,2,3,3,2,2,1,TRUE,1
1009,1,4,4,3,2,3,TRUE,9
1010,1,4,5,5,4,5,TRUE,9
1011,4,4,3,2,5,4,TRUE,5
1012,2,3,2,1,5,4,TRUE,3
1013,3,5,1,2,5,4,TRUE,8
1014,2,1,3,1,1,1,TRUE,6
1015,2,3,5,5,1,5,TRUE,2
1016,4,1,3,1,3,5,TRUE,1
1017,4,4,4,3,5,3,TRUE,5
1018,2,1,2,4,5,3,TRUE,8
1019,4,1,2,3,4,2,TRUE,1
1020,1,4,5,4,1,4,TRUE,1
1021,4,3,5,5,3,5,TRUE,8
1022,1,4,3,5,2,4,TRUE,8
1023,5,2,4,3,2,5,TRUE,7
1024,5,2,3,5,3,5,TRUE,6
1025,1,4,5,2,3,3,TRUE,3
1026,5,2,1,4,4,2,TRUE,1
1027,1,3,4,5,4,2,TRUE,9
1028,5,2,1,4,3,2,TRUE,6
1029,2,5,2,2,2,3,TRUE,3
1030,3,3,3,3,5,4,TRUE,8
1031,2,1,5,3,5,4,TRUE,0
1032,5,5,4,5,3,2,TRUE,2
1033,4,4,2,1,1,3,TRUE,0
1034,1,2,2,1,2,2,TRUE,2
1035,2,4,2,5,5,3,TRUE,1
1036,3,5,5,1,2,2,TRUE,6
1037,4,1,3,3,2,4,TRUE,2
1038,1,5,3,1,4,2,TRUE,8
1039,2,5,1,5,1,3,TRUE,9
1040,1,3,4,3,2,1,TRUE,9
1041,3,5,4,3,5,2,TRUE,0
1042,1,4,3,2,5,5,TRUE,7
1043,3,4,4,2,5,3,TRUE,6
1044,4,4,2,2,1,4,TRUE,0
1045,3,3,3,5,3,2,TRUE,6
1046,1,4,3,5,4,1,TRUE,7
1047,3,5,2,1,4,1,TRUE,2
1048,3,1,5,5,4,3,TRUE,0
1049,4,3,4,1,4,3,TRUE,7
1050,4,5,3,1,3,1,TRUE,1
1051,1,4,3,4,5,5,TRUE,7
1052,5,2,2,4,5,4,TRUE,1
1053,5,5,3,3,1,3,TRUE,9
1054,1,3,3,1,4,4,TRUE,6
1055,2,2,3,5,4,1,TRUE,4
1056,5,1,2,2,4,3,TRUE,4
1057,1,2,2,5,2,3,TRUE,0
1058,4,2,5,2,3,5,TRUE,0
1059,3,5,3,2,1,1,TRUE,6
1060,2,4,3,4,4,2,TRUE,7
1061,2,4,4,2,5,2,TRUE,0
1062,4,2,3,1,4,1,TRUE,3
1063,5,1,1,5,2,5,TRUE,3
1064,2,1,2,3,2,1,TRUE,4
1065,5,3,3,5,4,4,TRUE,7
1066,2,2,3,2,2,5,TRUE,9
1067,4,3,3,4,4,1,TRUE,5
1068,5,2,4,4,1,2,TRUE,6
1069,2,4,2,2,5,5,TRUE,0
1070,4,5,4,3,3,5,TRUE,7
1071,4,3,4,3,4,3,TRUE,7
1072,1,1,4,3,4,4,TRUE,5
1073,2,5,5,4,3,1,TRUE,0
1074,2,3,1,3,5,3,TRUE,2
1075,3,4,3,5,3,4,TRUE,5
1076,3,5,4,1,3,3,TRUE,0
1077,2,2,5,3,1,1,TRUE,7
1078,4,1,4,2,3,5,TRUE,5
1079,5,4,5,2,1,3,TRUE,2
1080,3,5,1,5,5,1,TRUE,5
1081,2,5,2,5,5,3,TRUE,8
1082,3,2,4,2,1,2,TRUE,2
1083,4,1,3,1,3,4,TRUE,4
1084,2,5,5,5,4,1,TRUE,1
1085,4,4,4,3,2,1,TRUE,1
1086,5,4,3,2,5,4,TRUE,2
1087,4,3,5,5,1,2,TRUE,8
1088,5,5,4,3,4,3,TRUE,4
1089,5,3,2,1,1,2,TRUE,2
1090,1,1,1,5,1,3,TRUE,7
1091,3,3,3,1,1,1,TRUE,2
1092,2,5,2,4,4,4,TRUE,6
1093,2,2,3,4,1,5,TRUE,1
1094,5,2,5,4,3,1,TRUE,5
1095,4,4,3,1,2,4,TRUE,4
1096,4,4,5,3,1,2,TRUE,2
1097,2,2,3,2,4,3,TRUE,9
1098,2,4,2,5,3,4,TRUE,5
1099,3,2,4,4,1,4,TRUE,0
1100,5,4,4,1,3,1,TRUE,6
1101,1,1,4,4,1,4,TRUE,2
1102,4,2,3,4,2,2,TRUE,7
1103,3,5,2,1,1,2,TRUE,5
1104,2,5,5,2,1,2,TRUE,2
1105,4,5,2,3,3,4,TRUE,6
1106,1,4,2,5,3,1,TRUE,1
1107,2,2,5,1,1,5,TRUE,7
1108,3,2,1,2,1,2,TRUE,7
1109,3,1,5,2,3,3,TRUE,1
1110,2,1,5,3,5,5,TRUE,0
1111,4,5,3,1,1,3,TRUE,5
1112,3,1,3,3,1,1,TRUE,6
1113,4,3,4,5,3,3,TRUE,4
1114,1,5,3,1,2,2,TRUE,5
1115,3,2,5,1,1,2,TRUE,3
1116,3,1,1,2,3,2,TRUE,2
1117,5,1,5,4,3,1,TRUE,8
1118,4,2,5,3,5,5,TRUE,4
1119,3,1,5,1,5,2,TRUE,9
1120,4,2,5,4,1,2,TRUE,0
1121,2,4,4,1,3,3,TRUE,9
1122,1,1,1,3,1,2,TRUE,7
1123,2,2,5,3,4,2,TRUE,2
1124,2,2,4,1,5,1,TRUE,3
1125,3,5,3,4,4,3,TRUE,1
1126,5,5,3,4,3,5,TRUE,1
1127,1,1,2,2,2,2,TRUE,2
1128,1,3,1,5,4,2,TRUE,5
1129,1,2,4,1,5,4,TRUE,8
1130,4,1,2,2,3,5,TRUE,0
1131,3,2,1,3,1,5,TRUE,9
1132,4,4,2,4,4,1,TRUE,0
1133,5,3,1,1,2,4,TRUE,1
1134,3,5,3,3,2,5,TRUE,1
1135,1,4,4,2,4,2,TRUE,1
1136,5,1,3,2,4,1,TRUE,0
1137,4,5,1,5,5,1,TRUE,3
1138,4,4,2,5,1,5,TRUE,0
1139,3,2,1,1,3,3,TRUE,2
1140,2,2,2,3,1,2,TRUE,8
1141,4,4,2,5,5,3,TRUE,6
1142,2,5,3,4,2,3,TRUE,3
1143,2,4,1,3,5,3,TRUE,9
1144,1,4,2,2,1,2,TRUE,8
1145,1,4,4,2,5,5,TRUE,9
1146,4,2,1,3,4,3,TRUE,5
1147,1,2,5,3,4,5,TRUE,7
1148,1,5,4,4,1,5,TRUE,3
1149,3,4,1,2,2,4,TRUE,0
1150,1,2,4,3,3,3,TRUE,1
1151,3,2,5,4,2,1,TRUE,7
1152,1,4,2,3,4,1,TRUE,1
1153,4,1,2,2,1,3,TRUE,1
1154,3,4,2,3,2,5,TRUE,7
1155,2,2,5,5,2,4,TRUE,3
1156,5,1,4,1,5,4,TRUE,9
1157,5,5,4,1,5,5,TRUE,1
1158,5,3,3,2,3,5,TRUE,7
1159,3,2,3,1,1,4,TRUE,4
1160,2,3,3,2,5,2,TRUE,5
1161,3,5,5,3,4,5,TRUE,4
1162,2,4,5,2,1,5,TRUE,6
1163,1,3,5,1,4,1,TRUE,4
1164,3,4,1,5,4,4,TRUE,0
1165,3,5,1,4,4,5,TRUE,1
1166,5,2,4,2,3,5,TRUE,3
1167,4,5,3,3,3,4,TRUE,2
1168,1,2,5,5,5,5,TRUE,9
1169,4,5,1,4,4,1,TRUE,5
1170,3,3,5,1,4,2,TRUE,0
1171,5,5,1,1,4,5,TRUE,8
1172,1,5,5,4,2,2,TRUE,8
1173,4,2,2,2,1,4,TRUE,4
1174,4,5,1,4,3,3,TRUE,6
1175,3,5,1,4,5,1,TRUE,5
1176,4,3,1,3,4,1,TRUE,2
1177,3,1,5,2,3,1,TRUE,5
1178,1,4,1,2,1,1,TRUE,1
1179,1,2,2,5,3,3,TRUE,7
1180,4,1,2,1,1,1,TRUE,9
1181,2,1,5,3,1,1,TRUE,7
1182,3,1,3,4,4,2,TRUE,9
1183,2,2,3,4,5,4,TRUE,2
1184,1,5,5,3,3,1,TRUE,1
1185,3,1,2,1,4,5,TRUE,0
1186,1,5,5,1,4,3,TRUE,5
1187,3,2,3,5,3,4,TRUE,8
1188,2,2,3,1,2,3,TRUE,2
1189,3,5,2,2,4,5,TRUE,4
1190,2,1,2,4,3,1,TRUE,9
1191,1,2,3,5,1,2,TRUE,5
1192,3,4,5,3,4,1,TRUE,5
1193,2,2,3,1,4,1,TRUE,8
1194,1,2,2,4,1,4,TRUE,7
1195,2,5,4,4,2,2,TRUE,3
1196,3,2,3,2,1,4,TRUE,2
1197,1,5,5,1,4,3,TRUE,8
1198,2,5,5,2,5,2,TRUE,3
1199,4,3,2,5,3,1,TRUE,3
1200,4,1,2,2,5,1,TRUE,8
1201,1,2,5,5,4,3,TRUE,4
1202,2,2,4,3,3,3,TRUE,2
1203,3,1,5,1,2,1,TRUE,5
1204,4,4,1,5,2,4,TRUE,1
1205,3,1,5,4,5,5,TRUE,9
1206,2,3,5,3,4,2,TRUE,9
1207,4,3,5,4,5,5,TRUE,8
1208,1,3,3,5,5,5,TRUE,1
1209,1,5,4,3,3,3,TRUE,2
1210,5,3,3,4,4,5,TRUE,1
1211,4,4,3,1,2,4,TRUE,3
1212,5,2,2,1,5,2,TRUE,1
1213,1,1,5,5,2,1,TRUE,5
1214,3,3,5,2,4,1,TRUE,3
1215,5,5,1,5,5,2,TRUE,2
1216,5,1,2,5,3,1,TRUE,4
1217,1,5,1,5,3,2,TRUE,4
1218,5,1,5,5,2,4,TRUE,1
1219,1,4,4,4,3,4,TRUE,3
1220,4,1,3,2,2,5,TRUE,1
1221,5,5,4,4,1,5,TRUE,3
1222,5,3,1,3,2,2,TRUE,2
1223,1,2,4,5,5,2,TRUE,4
1224,5,5,1,3,1,3,TRUE,6
1225,4,2,5,4,4,1,TRUE,6
1226,5,4,3,3,2,1,TRUE,0
1227,5,5,1,3,1,1,TRUE,3
1228,1,3,4,2,2,1,TRUE,8
1229,2,2,2,4,3,4,TRUE,8
1230,2,2,3,4,1,5,TRUE,2
1231,5,2,1,2,1,3,TRUE,7
1232,3,5,5,3,4,3,TRUE,5
1233,4,1,1,1,2,3,TRUE,1
1234,4,1,2,4,3,4,TRUE,7
1235,1,2,3,1,3,2,TRUE,1
1236,5,4,4,2,4,4,TRUE,1
1237,5,3,1,2,1,4,TRUE,8
1238,4,1,3,5,4,5,TRUE,8
1239,3,3,3,3,5,4,TRUE,6
1240,3,1,1,2,4,5,TRUE,0
1241,4,1,2,5,2,1,TRUE,9
1242,1,5,5,3,5,5,TRUE,2
1243,2,4,4,1,3,3,TRUE,6
1244,4,3,2,4,1,2,TRUE,3
1245,3,5,5,3,2,4,TRUE,6
1246,5,3,2,2,5,3,TRUE,7
1247,3,4,4,3,2,5,TRUE,8
1248,3,2,3,1,1,4,TRUE,6
1249,5,4,1,2,5,2,TRUE,4
1250,3,4,5,1,2,1,TRUE,7
1251,2,2,3,5,5,2,TRUE,9
1252,1,4,4,4,1,3,TRUE,3
1253,5,5,1,4,4,3,TRUE,6
1254,5,2,5,2,2,5,TRUE,5
1255,2,2,3,3,4,3,TRUE,0
1256,2,4,5,3,3,5,TRUE,7
1257,2,5,3,5,4,3,TRUE,6
1258,1,1,2,3,5,5,TRUE,5
1259,2,1,1,5,4,1,TRUE,2
1260,5,1,3,4,5,2,TRUE,2
1261,1,5,1,3,5,1,TRUE,2
1262,5,4,2,2,3,3,TRUE,0
1263,1,5,2,2,1,4,TRUE,2
1264,5,3,1,2,5,1,TRUE,6
1265,5,1,1,4,2,5,TRUE,6
1266,2,1,3,1,5,1,TRUE,9
1267,4,3,1,2,5,5,TRUE,1
1268,1,1,5,5,4,3,TRUE,8
1269,5,2,3,5,2,5,TRUE,3
1270,2,5,4,5,3,1,TRUE,1
1271,5,4,1,4,2,4,TRUE,8
1272,4,2,4,3,3,1,TRUE,7
1273,3,2,4,4,2,4,TRUE,3
1274,3,4,5,2,4,5,TRUE,1
1275,5,3,5,5,5,5,TRUE,6
1276,4,2,2,2,1,5,TRUE,1
1277,1,5,4,4,3,4,TRUE,3
1278,3,2,5,2,1,2,TRUE,7
1279,2,3,3,5,5,4,TRUE,1
1280,5,2,4,5,3,2,TRUE,0
1281,2,5,5,3,5,4,TRUE,4
1282,3,2,4,2,3,5,TRUE,8
1283,5,2,2,2,5,3,TRUE,6
1284,1,1,2,2,5,3,TRUE,0
1285,3,2,3,2,4,1,TRUE,5
1286,4,3,3,2,1,5,TRUE,6
1287,2,5,3,5,2,1,TRUE,0
1288,5,1,1,5,4,4,TRUE,8
1289,2,1,5,3,2,5,TRUE,5
1290,3,1,3,1,4,3,TRUE,0
1291,1,3,2,2,5,4,TRUE,1
1292,5,5,5,5,2,2,TRUE,3
1293,5,2,1,5,2,1,TRUE,3
1294,1,5,2,3,5,5,TRUE,3
1295,1,4,3,2,2,2,TRUE,8
1296,4,1,2,4,5,2,TRUE,9
1297,3,4,4,1,4,5,TRUE,5
1298,1,4,5,4,4,1,TRUE,1
1299,3,2,5,3,2,5,TRUE,8
1300,2,5,1,4,2,5,TRUE,2
1301,5,5,4,5,2,4,TRUE,3
1302,4,2,2,2,4,5,TRUE,9
1303,4,4,3,3,5,4,TRUE,8
1304,1,5,5,5,1,1,TRUE,9
1305,5,5,4,1,2,2,TRUE,9
1306,2,3,3,1,2,5,TRUE,5
1307,3,2,1,1,2,4,TRUE,8
1308,1,2,2,4,4,2,TRUE,1
1309,3,3,4,2,5,3,TRUE,4
1310,2,3,3,1,3,4,TRUE,4
1311,2,4,2,1,4,4,TRUE,9
1312,5,5,4,2,5,1,TRUE,7
1313,1,4,1,1,4,2,TRUE,4
1314,1,5,5,5,4,3,TRUE,1
1315,4,4,1,4,2,5,TRUE,4
1316,4,5,2,2,3,2,TRUE,1
1317,2,2,5,4,4,5,TRUE,4
1318,2,1,2,1,5,3,TRUE,4
1319,3,4,2,3,3,5,TRUE,5
1320,4,4,3,1,2,5,TRUE,0
1321,1,1,1,4,2,5,TRUE,2
1322,3,3,2,4,5,4,TRUE,5
1323,1,3,3,5,1,5,TRUE,8
1324,5,4,1,3,5,1,TRUE,1
1325,2,3,5,3,2,1,TRUE,3
1326,2,4,4,4,3,1,TRUE,7
1327,1,4,1,2,1,3,TRUE,1
1328,3,5,5,2,4,3,TRUE,4
1329,3,5,2,2,3,4,TRUE,9
1330,4,4,4,3,3,4,TRUE,3
1331,3,4,2,5,2,3,TRUE,2
1332,1,4,5,1,3,5,TRUE,0
1333,1,4,2,4,3,3,TRUE,5
1334,1,2,5,5,5,1,TRUE,4
1335,5,4,1,5,1,2,TRUE,0
1336,1,5,2,4,2,4,TRUE,0
1337,4,3,1,1,3,1,TRUE,0
1338,3,1,3,2,1,5,TRUE,4
1339,5,5,2,4,5,2,TRUE,2
1340,1,1,3,1,3,1,TRUE,6
1341,2,3,2,3,1,3,TRUE,8
1342,3,1,5,2,2,2,TRUE,9
1343,5,3,1,4,2,1,TRUE,3
1344,5,2,1,2,2,5,TRUE,6
1345,1,1,1,4,3,4,TRUE,7
1346,1,5,4,5,5,1,TRUE,3
1347,1,5,2,5,2,4,TRUE,4
1348,3,5,5,2,4,1,TRUE,5
1349,5,2,4,1,5,5,TRUE,9
1350,2,1,2,5,2,4,TRUE,9
1351,5,2,1,5,4,3,TRUE,7
1352,3,4,3,1,3,5,TRUE,4
1353,5,5,3,4,4,4,TRUE,0
1354,4,5,3,4,1,2,TRUE,6
1355,3,5,1,1,4,1,TRUE,1
1356,3,3,1,5,4,3,TRUE,5
1357,1,4,4,3,3,5,TRUE,1
1358,2,2,5,1,2,5,TRUE,2
1359,2,2,2,2,1,1,TRUE,3
1360,1,3,3,3,2,5,TRUE,4
1361,4,1,5,3,5,3,TRUE,8
1362,2,5,4,4,3,4,TRUE,2
1363,4,2,5,2,1,2,TRUE,0
1364,4,5,1,1,2,4,TRUE,1
1365,3,2,2,5,3,2,TRUE,0
1366,3,4,1,5,1,2,TRUE,4
1367,3,5,1,2,2,3,TRUE,1
1368,2,3,2,5,2,1,TRUE,6
1369,1,5,5,2,4,1,TRUE,3
1370,3,1,4,2,1,3,TRUE,2
1371,2,2,5,1,3,1,TRUE,1
1372,5,5,1,2,4,3,TRUE,7
1373,4,5,5,3,3,5,TRUE,1
1374,5,3,1,5,2,5,TRUE,7
1375,4,1,4,4,2,1,TRUE,9
1376,5,5,4,3,3,4,TRUE,3
1377,3,2,1,2,5,5,TRUE,0
1378,3,5,1,1,3,4,TRUE,5
1379,2,2,1,1,5,1,TRUE,5
1380,3,2,2,3,5,5,TRUE,3
1381,3,3,2,1,3,3,TRUE,2
1382,2,2,5,2,2,2,TRUE,1
1383,1,1,1,1,5,3,TRUE,3
1384,3,2,1,1,3,1,TRUE,0
1385,2,1,3,2,3,5,TRUE,8
1386,3,5,2,1,1,5,TRUE,0
1387,4,3,1,2,3,3,TRUE,6
1388,2,3,3,5,2,2,TRUE,1
1389,4,3,5,4,4,5,TRUE,6
1390,3,5,5,5,5,4,TRUE,3
1391,1,2,5,5,2,4,TRUE,6
1392,1,4,3,3,5,3,TRUE,2
1393,1,2,2,3,2,2,TRUE,9
1394,5,2,4,1,2,4,TRUE,1
1395,3,3,3,5,4,4,TRUE,9
1396,2,5,1,1,5,5,TRUE,3
1397,1,4,1,4,2,3,TRUE,6
1398,1,2,3,2,2,2,TRUE,2
1399,1,4,3,4,2,4,TRUE,9
1400,5,3,5,2,3,1,TRUE,5
1401,5,2,3,4,3,1,TRUE,9
1402,2,4,3,1,1,5,TRUE,6
1403,1,1,4,2,5,5,TRUE,7
1404,2,3,3,3,1,5,TRUE,6
1405,1,3,1,3,5,4,TRUE,2
1406,4,3,2,1,2,2,TRUE,8
1407,3,3,3,3,5,1,TRUE,3
1408,1,5,2,4,2,5,TRUE,5
1409,5,3,3,4,5,2,TRUE,0
1410,5,1,1,3,1,2,TRUE,6
1411,4,1,3,4,4,5,TRUE,5
1412,1,4,2,4,5,5,TRUE,8
1413,2,4,1,5,4,4,TRUE,2
1414,2,3,1,3,3,4,TRUE,3
1415,4,5,3,5,5,4,TRUE,8
1416,4,3,5,5,3,1,TRUE,6
1417,3,4,5,5,2,1,TRUE,2
1418,2,1,2,1,1,3,TRUE,0
1419,4,4,5,5,4,5,TRUE,5
1420,3,2,4,5,5,3,TRUE,3
1421,5,5,4,5,5,3,TRUE,7
1422,4,3,5,4,5,2,TRUE,9
1423,2,2,3,2,3,1,TRUE,6
1424,2,1,3,4,5,3,TRUE,6
1425,4,4,5,3,1,3,TRUE,5
1426,3,4,4,1,5,2,TRUE,4
1427,4,1,5,1,5,4,TRUE,2
1428,3,4,2,1,2,1,TRUE,0
1429,2,4,3,1,5,3,TRUE,8
1430,3,5,4,2,3,2,TRUE,3
1431,2,5,1,1,4,4,TRUE,1
1432,3,1,3,1,1,5,TRUE,1
1433,2,2,2,5,4,5,TRUE,3
1434,4,4,3,3,5,1,TRUE,0
1435,5,2,1,3,1,3,TRUE,0
1436,4,3,2,3,3,5,TRUE,0
1437,5,3,2,2,4,3,TRUE,9
1438,2,3,3,3,5,5,TRUE,6
1439,2,1,2,5,1,1,TRUE,7
1440,1,1,5,2,4,5,TRUE,4
1441,4,3,2,5,2,3,TRUE,7
1442,3,5,1,4,3,3,TRUE,6
1443,1,2,2,3,4,4,TRUE,7
1444,3,1,4,3,4,5,TRUE,3
1445,3,1,1,3,5,4,TRUE,0
1446,4,5,3,4,5,4,TRUE,2
1447,1,2,5,1,4,2,TRUE,9
1448,3,2,5,5,1,5,TRUE,2
1449,3,5,4,5,2,2,TRUE,3
1450,5,2,3,2,1,4,TRUE,1
1451,4,3,3,1,3,3,TRUE,9
1452,3,5,4,4,5,5,TRUE,9
1453,4,2,2,1,5,1,TRUE,5
1454,4,4,5,1,3,5,TRUE,0
1455,4,4,5,1,3,1,TRUE,9
1456,2,5,2,5,1,1,TRUE,8
1457,3,2,3,2,4,5,TRUE,3
1458,2,3,5,3,3,2,TRUE,1
1459,5,4,2,1,1,2,TRUE,7
1460,4,3,3,4,1,2,TRUE,8
1461,1,1,1,2,4,5,TRUE,6
1462,1,4,5,5,3,4,TRUE,4
1463,5,1,2,3,1,1,TRUE,1
1464,3,1,2,4,1,4,TRUE,8
1465,5,1,4,1,5,2,TRUE,1
1466,2,5,2,2,4,1,TRUE,7
1467,5,2,5,4,1,3,TRUE,0
1468,5,2,2,5,3,3,TRUE,2
1469,1,3,5,4,4,4,TRUE,8
1470,3,5,1,1,2,5,TRUE,3
1471,2,1,1,5,1,5,TRUE,1
1472,2,5,1,3,1,5,TRUE,4
1473,3,4,4,4,4,3,TRUE,9
1474,2,5,3,5,1,3,TRUE,6
1475,2,1,3,5,1,1,TRUE,1
1476,3,3,5,4,3,3,TRUE,4
1477,1,1,2,1,3,4,TRUE,7
1478,4,2,4,5,4,2,TRUE,5
1479,1,3,3,1,3,4,TRUE,9
1480,5,5,2,5,5,5,TRUE,8
1481,3,2,3,1,4,5,TRUE,6
1482,1,3,1,2,5,1,TRUE,5
1483,4,3,5,4,5,2,TRUE,3
1484,2,4,3,3,4,1,TRUE,2
1485,2,5,3,3,3,5,TRUE,9
1486,1,2,1,3,3,5,TRUE,7
1487,5,2,2,3,5,5,TRUE,7
1488,3,3,4,1,3,5,TRUE,1
1489,4,3,3,4,3,3,TRUE,0
1490,3,5,5,4,2,1,TRUE,2
1491,1,1,1,2,4,2,TRUE,6
1492,5,4,1,3,5,1,TRUE,5
1493,3,2,2,2,3,5,TRUE,9
1494,5,1,5,1,4,4,TRUE,5
1495,4,2,3,2,5,5,TRUE,7
1496,1,1,2,4,4,1,TRUE,9
1497,5,4,1,4,5,5,TRUE,1
1498,4,3,2,3,4,2,TRUE,6
1499,2,1,2,1,2,2,TRUE,2
1500,1,3,4,1,4,1,TRUE,6
